{
  "anchors": [
    0.75,
    0.72,
    3.89,
    3.88,
    2.95,
    2.81,
    1.97,
    2.03,
    1.06,
    1.06
  ],
  "inputs": {
    "input0": [
      224,
      224,
      3
    ]
  },
  "outputs": {
    "output0": [
      7,
      7,
      30
    ]
  },
  "params_quantity": 1856046,
  "loss": [
    [
      1,
      0.97069
    ],
    [
      2,
      0.81105
    ],
    [
      3,
      0.73297
    ],
    [
      4,
      0.98774
    ],
    [
      5,
      0.94707
    ],
    [
      6,
      0.59226
    ],
    [
      7,
      0.1704
    ],
    [
      8,
      0.11618
    ],
    [
      9,
      0.10097
    ],
    [
      10,
      0.07698
    ],
    [
      11,
      0.07321
    ],
    [
      12,
      0.07969
    ],
    [
      13,
      0.059
    ],
    [
      14,
      0.05973
    ],
    [
      15,
      0.07471
    ],
    [
      16,
      0.07911
    ],
    [
      17,
      0.07172
    ],
    [
      18,
      0.05589
    ],
    [
      19,
      0.0581
    ],
    [
      20,
      0.04443
    ],
    [
      21,
      0.07505
    ],
    [
      22,
      0.04989
    ],
    [
      23,
      0.04421
    ],
    [
      24,
      0.0375
    ],
    [
      25,
      0.0628
    ],
    [
      26,
      0.04057
    ],
    [
      27,
      0.05581
    ],
    [
      28,
      0.03998
    ],
    [
      29,
      0.03419
    ],
    [
      30,
      0.03312
    ],
    [
      31,
      0.02476
    ],
    [
      32,
      0.02505
    ],
    [
      33,
      0.02346
    ],
    [
      34,
      0.02953
    ],
    [
      35,
      0.02151
    ],
    [
      36,
      0.02177
    ],
    [
      37,
      0.02198
    ],
    [
      38,
      0.02416
    ],
    [
      39,
      0.02996
    ],
    [
      40,
      0.02526
    ],
    [
      41,
      0.02354
    ],
    [
      42,
      0.01817
    ],
    [
      43,
      0.02544
    ],
    [
      44,
      0.04993
    ],
    [
      45,
      0.04283
    ],
    [
      46,
      0.03307
    ],
    [
      47,
      0.03788
    ],
    [
      48,
      0.02841
    ],
    [
      49,
      0.02394
    ],
    [
      50,
      0.03188
    ],
    [
      51,
      0.0269
    ],
    [
      52,
      0.02198
    ],
    [
      53,
      0.02568
    ],
    [
      54,
      0.03111
    ],
    [
      55,
      0.02082
    ],
    [
      56,
      0.01851
    ],
    [
      57,
      0.04175
    ],
    [
      58,
      0.02951
    ],
    [
      59,
      0.01956
    ],
    [
      60,
      0.01663
    ],
    [
      61,
      0.01629
    ],
    [
      62,
      0.01413
    ],
    [
      63,
      0.02202
    ],
    [
      64,
      0.02141
    ],
    [
      65,
      0.01885
    ],
    [
      66,
      0.01936
    ],
    [
      67,
      0.01636
    ],
    [
      68,
      0.01438
    ],
    [
      69,
      0.01891
    ],
    [
      70,
      0.01934
    ],
    [
      71,
      0.01531
    ],
    [
      72,
      0.01397
    ],
    [
      73,
      0.02259
    ],
    [
      74,
      0.01549
    ],
    [
      75,
      0.01466
    ],
    [
      76,
      0.01302
    ],
    [
      77,
      0.01327
    ],
    [
      78,
      0.01804
    ],
    [
      79,
      0.01273
    ],
    [
      80,
      0.01182
    ],
    [
      81,
      0.01057
    ],
    [
      82,
      0.01014
    ],
    [
      83,
      0.00951
    ],
    [
      84,
      0.0104
    ],
    [
      85,
      0.01013
    ],
    [
      86,
      0.00926
    ],
    [
      87,
      0.01
    ],
    [
      88,
      0.00878
    ],
    [
      89,
      0.00847
    ],
    [
      90,
      0.00778
    ],
    [
      91,
      0.00837
    ],
    [
      92,
      0.00807
    ],
    [
      93,
      0.00841
    ],
    [
      94,
      0.00866
    ],
    [
      95,
      0.00824
    ],
    [
      96,
      0.00833
    ],
    [
      97,
      0.00885
    ],
    [
      98,
      0.00812
    ],
    [
      99,
      0.008
    ],
    [
      100,
      0.00838
    ],
    [
      101,
      0.00786
    ],
    [
      102,
      0.00899
    ],
    [
      103,
      0.01017
    ],
    [
      104,
      0.00922
    ],
    [
      105,
      0.00738
    ],
    [
      106,
      0.00718
    ],
    [
      107,
      0.00671
    ],
    [
      108,
      0.00706
    ],
    [
      109,
      0.00746
    ],
    [
      110,
      0.00651
    ],
    [
      111,
      0.0082
    ],
    [
      112,
      0.00707
    ],
    [
      113,
      0.00857
    ],
    [
      114,
      0.00739
    ],
    [
      115,
      0.00768
    ],
    [
      116,
      0.0069
    ],
    [
      117,
      0.00662
    ],
    [
      118,
      0.00655
    ],
    [
      119,
      0.00663
    ],
    [
      120,
      0.00684
    ],
    [
      121,
      0.00692
    ],
    [
      122,
      0.00709
    ],
    [
      123,
      0.00671
    ],
    [
      124,
      0.00663
    ],
    [
      125,
      0.00645
    ],
    [
      126,
      0.00648
    ],
    [
      127,
      0.00635
    ],
    [
      128,
      0.00658
    ],
    [
      129,
      0.00642
    ],
    [
      130,
      0.00608
    ],
    [
      131,
      0.00577
    ],
    [
      132,
      0.00583
    ],
    [
      133,
      0.00592
    ],
    [
      134,
      0.00564
    ],
    [
      135,
      0.00652
    ],
    [
      136,
      0.00649
    ],
    [
      137,
      0.00631
    ],
    [
      138,
      0.00561
    ],
    [
      139,
      0.0057
    ],
    [
      140,
      0.00601
    ],
    [
      141,
      0.00522
    ],
    [
      142,
      0.00536
    ],
    [
      143,
      0.00529
    ],
    [
      144,
      0.00562
    ],
    [
      145,
      0.00637
    ],
    [
      146,
      0.01565
    ],
    [
      147,
      0.01568
    ],
    [
      148,
      0.03012
    ],
    [
      149,
      0.01862
    ],
    [
      150,
      0.01396
    ],
    [
      151,
      0.01111
    ],
    [
      152,
      0.01069
    ],
    [
      153,
      0.00945
    ],
    [
      154,
      0.00756
    ],
    [
      155,
      0.00756
    ],
    [
      156,
      0.00636
    ],
    [
      157,
      0.00631
    ],
    [
      158,
      0.00603
    ],
    [
      159,
      0.00602
    ],
    [
      160,
      0.00599
    ],
    [
      161,
      0.0057
    ],
    [
      162,
      0.00524
    ],
    [
      163,
      0.00549
    ],
    [
      164,
      0.00532
    ],
    [
      165,
      0.00529
    ],
    [
      166,
      0.00571
    ],
    [
      167,
      0.00519
    ],
    [
      168,
      0.0052
    ],
    [
      169,
      0.00533
    ],
    [
      170,
      0.00506
    ],
    [
      171,
      0.0061
    ],
    [
      172,
      0.00638
    ],
    [
      173,
      0.00593
    ],
    [
      174,
      0.00568
    ],
    [
      175,
      0.00744
    ],
    [
      176,
      0.00559
    ],
    [
      177,
      0.00627
    ],
    [
      178,
      0.0059
    ],
    [
      179,
      0.00725
    ],
    [
      180,
      0.00597
    ]
  ],
  "acc": [
    [
      1,
      0.22595
    ],
    [
      2,
      0.30187
    ],
    [
      3,
      0.21549
    ],
    [
      4,
      0.30202
    ],
    [
      5,
      0.27747
    ],
    [
      6,
      0.25208
    ],
    [
      7,
      0.28507
    ],
    [
      8,
      0.29714
    ],
    [
      9,
      0.30608
    ],
    [
      10,
      0.31853
    ],
    [
      11,
      0.32963
    ],
    [
      12,
      0.34223
    ],
    [
      13,
      0.33291
    ],
    [
      14,
      0.35083
    ],
    [
      15,
      0.37402
    ],
    [
      16,
      0.38286
    ],
    [
      17,
      0.37208
    ],
    [
      18,
      0.37608
    ],
    [
      19,
      0.38539
    ],
    [
      20,
      0.38761
    ],
    [
      21,
      0.37591
    ],
    [
      22,
      0.37241
    ],
    [
      23,
      0.37639
    ],
    [
      24,
      0.36862
    ],
    [
      25,
      0.35943
    ],
    [
      26,
      0.37206
    ],
    [
      27,
      0.38485
    ],
    [
      28,
      0.37767
    ],
    [
      29,
      0.36412
    ],
    [
      30,
      0.36988
    ],
    [
      31,
      0.36839
    ],
    [
      32,
      0.3686
    ],
    [
      33,
      0.37903
    ],
    [
      34,
      0.39548
    ],
    [
      35,
      0.39948
    ],
    [
      36,
      0.39435
    ],
    [
      37,
      0.38729
    ],
    [
      38,
      0.38819
    ],
    [
      39,
      0.38639
    ],
    [
      40,
      0.39182
    ],
    [
      41,
      0.3887
    ],
    [
      42,
      0.38579
    ],
    [
      43,
      0.38598
    ],
    [
      44,
      0.38001
    ],
    [
      45,
      0.37942
    ],
    [
      46,
      0.37873
    ],
    [
      47,
      0.38003
    ],
    [
      48,
      0.39006
    ],
    [
      49,
      0.40239
    ],
    [
      50,
      0.39552
    ],
    [
      51,
      0.39713
    ],
    [
      52,
      0.4063
    ],
    [
      53,
      0.40203
    ],
    [
      54,
      0.39743
    ],
    [
      55,
      0.40693
    ],
    [
      56,
      0.4122
    ],
    [
      57,
      0.40806
    ],
    [
      58,
      0.40264
    ],
    [
      59,
      0.39732
    ],
    [
      60,
      0.38834
    ],
    [
      61,
      0.38225
    ],
    [
      62,
      0.3833
    ],
    [
      63,
      0.38263
    ],
    [
      64,
      0.38294
    ],
    [
      65,
      0.38652
    ],
    [
      66,
      0.38968
    ],
    [
      67,
      0.39485
    ],
    [
      68,
      0.39766
    ],
    [
      69,
      0.39874
    ],
    [
      70,
      0.40257
    ],
    [
      71,
      0.40381
    ],
    [
      72,
      0.40105
    ],
    [
      73,
      0.4004
    ],
    [
      74,
      0.40492
    ],
    [
      75,
      0.40754
    ],
    [
      76,
      0.40613
    ],
    [
      77,
      0.41252
    ],
    [
      78,
      0.41386
    ],
    [
      79,
      0.41628
    ],
    [
      80,
      0.41599
    ],
    [
      81,
      0.41838
    ],
    [
      82,
      0.41988
    ],
    [
      83,
      0.41754
    ],
    [
      84,
      0.41765
    ],
    [
      85,
      0.41647
    ],
    [
      86,
      0.41564
    ],
    [
      87,
      0.41365
    ],
    [
      88,
      0.41373
    ],
    [
      89,
      0.41873
    ],
    [
      90,
      0.42037
    ],
    [
      91,
      0.41825
    ],
    [
      92,
      0.4176
    ],
    [
      93,
      0.42039
    ],
    [
      94,
      0.41915
    ],
    [
      95,
      0.41518
    ],
    [
      96,
      0.41361
    ],
    [
      97,
      0.41289
    ],
    [
      98,
      0.41534
    ],
    [
      99,
      0.41815
    ],
    [
      100,
      0.41649
    ],
    [
      101,
      0.41183
    ],
    [
      102,
      0.4086
    ],
    [
      103,
      0.40747
    ],
    [
      104,
      0.40915
    ],
    [
      105,
      0.40684
    ],
    [
      106,
      0.40795
    ],
    [
      107,
      0.4071
    ],
    [
      108,
      0.40684
    ],
    [
      109,
      0.40624
    ],
    [
      110,
      0.40724
    ],
    [
      111,
      0.41134
    ],
    [
      112,
      0.40875
    ],
    [
      113,
      0.40789
    ],
    [
      114,
      0.41268
    ],
    [
      115,
      0.41568
    ],
    [
      116,
      0.41924
    ],
    [
      117,
      0.42035
    ],
    [
      118,
      0.42644
    ],
    [
      119,
      0.42455
    ],
    [
      120,
      0.42407
    ],
    [
      121,
      0.42256
    ],
    [
      122,
      0.42298
    ],
    [
      123,
      0.4275
    ],
    [
      124,
      0.42912
    ],
    [
      125,
      0.42704
    ],
    [
      126,
      0.41869
    ],
    [
      127,
      0.41729
    ],
    [
      128,
      0.41928
    ],
    [
      129,
      0.42072
    ],
    [
      130,
      0.42106
    ],
    [
      131,
      0.42386
    ],
    [
      132,
      0.42202
    ],
    [
      133,
      0.42443
    ],
    [
      134,
      0.42652
    ],
    [
      135,
      0.42323
    ],
    [
      136,
      0.42556
    ],
    [
      137,
      0.42462
    ],
    [
      138,
      0.42386
    ],
    [
      139,
      0.422
    ],
    [
      140,
      0.4243
    ],
    [
      141,
      0.42598
    ],
    [
      142,
      0.43008
    ],
    [
      143,
      0.43052
    ],
    [
      144,
      0.43027
    ],
    [
      145,
      0.42822
    ],
    [
      146,
      0.42866
    ],
    [
      147,
      0.42746
    ],
    [
      148,
      0.42999
    ],
    [
      149,
      0.43144
    ],
    [
      150,
      0.43096
    ],
    [
      151,
      0.43073
    ],
    [
      152,
      0.4284
    ],
    [
      153,
      0.42949
    ],
    [
      154,
      0.42891
    ],
    [
      155,
      0.42943
    ],
    [
      156,
      0.43029
    ],
    [
      157,
      0.42838
    ],
    [
      158,
      0.43058
    ],
    [
      159,
      0.42935
    ],
    [
      160,
      0.42928
    ],
    [
      161,
      0.42958
    ],
    [
      162,
      0.43094
    ],
    [
      163,
      0.43537
    ],
    [
      164,
      0.4337
    ],
    [
      165,
      0.43519
    ],
    [
      166,
      0.43125
    ],
    [
      167,
      0.4306
    ],
    [
      168,
      0.42995
    ],
    [
      169,
      0.42876
    ],
    [
      170,
      0.42945
    ],
    [
      171,
      0.43117
    ],
    [
      172,
      0.43226
    ],
    [
      173,
      0.43035
    ],
    [
      174,
      0.43052
    ],
    [
      175,
      0.43186
    ],
    [
      176,
      0.43142
    ],
    [
      177,
      0.4314
    ],
    [
      178,
      0.43316
    ],
    [
      179,
      0.43368
    ],
    [
      180,
      0.43355
    ]
  ],
  "lr": [
    [
      1,
      0.001
    ],
    [
      2,
      0.00099
    ],
    [
      3,
      0.00097
    ],
    [
      4,
      0.00096
    ],
    [
      5,
      0.00095
    ],
    [
      6,
      0.00094
    ],
    [
      7,
      0.00093
    ],
    [
      8,
      0.00091
    ],
    [
      9,
      0.0009
    ],
    [
      10,
      0.00089
    ],
    [
      11,
      0.00088
    ],
    [
      12,
      0.00087
    ],
    [
      13,
      0.00086
    ],
    [
      14,
      0.00085
    ],
    [
      15,
      0.00084
    ],
    [
      16,
      0.00083
    ],
    [
      17,
      0.00081
    ],
    [
      18,
      0.0008
    ],
    [
      19,
      0.00079
    ],
    [
      20,
      0.00078
    ],
    [
      21,
      0.00077
    ],
    [
      22,
      0.00076
    ],
    [
      23,
      0.00075
    ],
    [
      24,
      0.00075
    ],
    [
      25,
      0.00074
    ],
    [
      26,
      0.00073
    ],
    [
      27,
      0.00072
    ],
    [
      28,
      0.00071
    ],
    [
      29,
      0.0007
    ],
    [
      30,
      0.00069
    ],
    [
      31,
      0.00068
    ],
    [
      32,
      0.00067
    ],
    [
      33,
      0.00066
    ],
    [
      34,
      0.00066
    ],
    [
      35,
      0.00065
    ],
    [
      36,
      0.00064
    ],
    [
      37,
      0.00063
    ],
    [
      38,
      0.00062
    ],
    [
      39,
      0.00062
    ],
    [
      40,
      0.00061
    ],
    [
      41,
      0.0006
    ],
    [
      42,
      0.00059
    ],
    [
      43,
      0.00058
    ],
    [
      44,
      0.00058
    ],
    [
      45,
      0.00057
    ],
    [
      46,
      0.00056
    ],
    [
      47,
      0.00056
    ],
    [
      48,
      0.00055
    ],
    [
      49,
      0.00054
    ],
    [
      50,
      0.00053
    ],
    [
      51,
      0.00053
    ],
    [
      52,
      0.00052
    ],
    [
      53,
      0.00051
    ],
    [
      54,
      0.00051
    ],
    [
      55,
      0.0005
    ],
    [
      56,
      0.00049
    ],
    [
      57,
      0.00049
    ],
    [
      58,
      0.00048
    ],
    [
      59,
      0.00048
    ],
    [
      60,
      0.00047
    ],
    [
      61,
      0.00046
    ],
    [
      62,
      0.00046
    ],
    [
      63,
      0.00045
    ],
    [
      64,
      0.00045
    ],
    [
      65,
      0.00044
    ],
    [
      66,
      0.00044
    ],
    [
      67,
      0.00043
    ],
    [
      68,
      0.00042
    ],
    [
      69,
      0.00042
    ],
    [
      70,
      0.00041
    ],
    [
      71,
      0.00041
    ],
    [
      72,
      0.0004
    ],
    [
      73,
      0.0004
    ],
    [
      74,
      0.00039
    ],
    [
      75,
      0.00039
    ],
    [
      76,
      0.00038
    ],
    [
      77,
      0.00038
    ],
    [
      78,
      0.00037
    ],
    [
      79,
      0.00037
    ],
    [
      80,
      0.00036
    ],
    [
      81,
      0.00036
    ],
    [
      82,
      0.00035
    ],
    [
      83,
      0.00035
    ],
    [
      84,
      0.00035
    ],
    [
      85,
      0.00034
    ],
    [
      86,
      0.00034
    ],
    [
      87,
      0.00033
    ],
    [
      88,
      0.00033
    ],
    [
      89,
      0.00032
    ],
    [
      90,
      0.00032
    ],
    [
      91,
      0.00032
    ],
    [
      92,
      0.00031
    ],
    [
      93,
      0.00031
    ],
    [
      94,
      0.0003
    ],
    [
      95,
      0.0003
    ],
    [
      96,
      0.0003
    ],
    [
      97,
      0.00029
    ],
    [
      98,
      0.00029
    ],
    [
      99,
      0.00029
    ],
    [
      100,
      0.00028
    ],
    [
      101,
      0.00028
    ],
    [
      102,
      0.00027
    ],
    [
      103,
      0.00027
    ],
    [
      104,
      0.00027
    ],
    [
      105,
      0.00026
    ],
    [
      106,
      0.00026
    ],
    [
      107,
      0.00026
    ],
    [
      108,
      0.00025
    ],
    [
      109,
      0.00025
    ],
    [
      110,
      0.00025
    ],
    [
      111,
      0.00024
    ],
    [
      112,
      0.00024
    ],
    [
      113,
      0.00024
    ],
    [
      114,
      0.00024
    ],
    [
      115,
      0.00023
    ],
    [
      116,
      0.00023
    ],
    [
      117,
      0.00023
    ],
    [
      118,
      0.00022
    ],
    [
      119,
      0.00022
    ],
    [
      120,
      0.00022
    ],
    [
      121,
      0.00022
    ],
    [
      122,
      0.00021
    ],
    [
      123,
      0.00021
    ],
    [
      124,
      0.00021
    ],
    [
      125,
      0.0002
    ],
    [
      126,
      0.0002
    ],
    [
      127,
      0.0002
    ],
    [
      128,
      0.0002
    ],
    [
      129,
      0.00019
    ],
    [
      130,
      0.00019
    ],
    [
      131,
      0.00019
    ],
    [
      132,
      0.00019
    ],
    [
      133,
      0.00018
    ],
    [
      134,
      0.00018
    ],
    [
      135,
      0.00018
    ],
    [
      136,
      0.00018
    ],
    [
      137,
      0.00018
    ],
    [
      138,
      0.00017
    ],
    [
      139,
      0.00017
    ],
    [
      140,
      0.00017
    ],
    [
      141,
      0.00017
    ],
    [
      142,
      0.00016
    ],
    [
      143,
      0.00016
    ],
    [
      144,
      0.00016
    ],
    [
      145,
      0.00016
    ],
    [
      146,
      0.00016
    ],
    [
      147,
      0.00015
    ],
    [
      148,
      0.00015
    ],
    [
      149,
      0.00015
    ],
    [
      150,
      0.00015
    ],
    [
      151,
      0.00015
    ],
    [
      152,
      0.00014
    ],
    [
      153,
      0.00014
    ],
    [
      154,
      0.00014
    ],
    [
      155,
      0.00014
    ],
    [
      156,
      0.00014
    ],
    [
      157,
      0.00014
    ],
    [
      158,
      0.00013
    ],
    [
      159,
      0.00013
    ],
    [
      160,
      0.00013
    ],
    [
      161,
      0.00013
    ],
    [
      162,
      0.00013
    ],
    [
      163,
      0.00013
    ],
    [
      164,
      0.00012
    ],
    [
      165,
      0.00012
    ],
    [
      166,
      0.00012
    ],
    [
      167,
      0.00012
    ],
    [
      168,
      0.00012
    ],
    [
      169,
      0.00012
    ],
    [
      170,
      0.00012
    ],
    [
      171,
      0.00011
    ],
    [
      172,
      0.00011
    ],
    [
      173,
      0.00011
    ],
    [
      174,
      0.00011
    ],
    [
      175,
      0.00011
    ],
    [
      176,
      0.00011
    ],
    [
      177,
      0.00011
    ],
    [
      178,
      0.0001
    ],
    [
      179,
      0.0001
    ],
    [
      180,
      0.0001
    ]
  ],
  "val_acc": [
    [
      10,
      0.0
    ],
    [
      20,
      0.09091
    ],
    [
      30,
      0.27273
    ],
    [
      40,
      0.25974
    ],
    [
      50,
      0.24242
    ],
    [
      60,
      0.27273
    ],
    [
      70,
      0.30758
    ],
    [
      80,
      0.43316
    ],
    [
      90,
      0.37446
    ],
    [
      100,
      0.35455
    ],
    [
      110,
      0.43706
    ],
    [
      120,
      0.47203
    ],
    [
      130,
      0.53147
    ],
    [
      140,
      0.53147
    ],
    [
      150,
      0.41162
    ],
    [
      160,
      0.53147
    ],
    [
      170,
      0.48329
    ],
    [
      180,
      0.48329
    ]
  ],
  "AP_Panneau_STOP": [
    [
      10,
      0.0
    ],
    [
      20,
      0.09091
    ],
    [
      30,
      0.27273
    ],
    [
      40,
      0.25974
    ],
    [
      50,
      0.24242
    ],
    [
      60,
      0.27273
    ],
    [
      70,
      0.30758
    ],
    [
      80,
      0.43316
    ],
    [
      90,
      0.37446
    ],
    [
      100,
      0.35455
    ],
    [
      110,
      0.43706
    ],
    [
      120,
      0.47203
    ],
    [
      130,
      0.53147
    ],
    [
      140,
      0.53147
    ],
    [
      150,
      0.41162
    ],
    [
      160,
      0.53147
    ],
    [
      170,
      0.48329
    ],
    [
      180,
      0.48329
    ]
  ],
  "mean": 123.5,
  "std": 58.395,
  "label_type": "detection",
  "data_type": "image",
  "labels": [
    "Panneau_STOP"
  ],
  "best_eval": {
    "epoch": 160,
    "val_acc": 0.531,
    "val_info": [
      {
        "name": "cd28079f6cfe4107bb945d72ba687cfd.jpg",
        "nickname": "images - 2024-03-19T144118.156.jpg",
        "pred": [
          [
            181,
            21,
            257,
            86,
            0.7102422118186951,
            0.0
          ]
        ],
        "gt": [
          [
            192,
            26,
            260,
            93,
            1.0,
            0.0
          ]
        ],
        "ok": true
      },
      {
        "name": "d6c31de907bb4472b5d2ef1f30eaf8ce.jpg",
        "nickname": "images (42).jpg",
        "pred": [
          [
            56,
            38,
            173,
            154,
            0.7832744717597961,
            0.0
          ]
        ],
        "gt": [
          [
            53,
            39,
            166,
            157,
            1.0,
            0.0
          ]
        ],
        "ok": true
      },
      {
        "name": "713a466512474d76b25e44cb18e8eaac.jpg",
        "nickname": "images (81).jpg",
        "pred": [
          [
            186,
            3,
            231,
            45,
            0.7825843095779419,
            0.0
          ]
        ],
        "gt": [
          [
            185,
            0,
            232,
            45,
            1.0,
            0.0
          ]
        ],
        "ok": true
      },
      {
        "name": "d3a9540202c34807a9791e0ed87b1835.jpg",
        "nickname": "images (59).jpg",
        "pred": [
          [
            59,
            28,
            205,
            166,
            0.9254630208015442,
            0.0
          ]
        ],
        "gt": [
          [
            223,
            40,
            266,
            94,
            1.0,
            0.0
          ]
        ],
        "ok": false
      },
      {
        "name": "2545a04dc8dc43ec87db92fd566efbcd.jpg",
        "nickname": "images (48).jpg",
        "pred": [],
        "gt": [
          [
            89,
            30,
            176,
            123,
            1.0,
            0.0
          ]
        ],
        "ok": false
      },
      {
        "name": "3af66a85f0d94e3cb6c751a8d87e80fc.jpg",
        "nickname": "images (69).jpg",
        "pred": [],
        "gt": [
          [
            154,
            50,
            186,
            81,
            1.0,
            0.0
          ]
        ],
        "ok": false
      }
    ]
  }
}